IMAGE_ID,LAST_UPDATED,DEF_HEX,SHADOW,NEEDS_UPDATE
190612,2022-01-10 11:04:45,383533,1,false
2254,2022-02-15 09:37:17,fdd7a4,1,false
1485,2021-07-23 08:36:35,fdd7a4,1,false
140516,2021-07-01 12:53:14,494d5a,1,false
432,2021-06-08 11:06:39,c6c7ce,1,false
1100125,2021-06-30 09:43:46,021357,1,false
1100102,2021-10-12 22:48:19,ffffff,1,false
140234,2021-07-06 09:41:06,000000,1,false
2187,2022-02-15 09:37:21,102348,1,false
2711,2020-05-08 08:15:12,e00000,1,false
898,2021-07-29 19:54:01,ffffff,1,false
1964,2021-07-23 15:28:09,ffffff,1,false
5141505,2021-05-12 17:17:09,2451a8,1,false
151042,2021-05-18 11:57:08,122854,1,false
140660,2022-02-14 09:51:36,ffffff,1,false
143040,2022-12-05 00:29:12,fdd7a4,1,false
1539,2022-01-18 15:44:05,1641b8,1,false
141770,2021-06-08 11:06:39,bfcedb,1,false
140284,2021-07-23 08:36:35,fdd7a4,1,false
140662,2021-05-18 11:57:08,dedfe0,1,false
160007,2021-07-19 08:53:26,59382f,1,false
140285,2021-11-18 09:14:23,fdd7a4,1,false
1363,2022-09-30 19:20:51,000000,1,false
141621,2021-06-17 12:35:28,e6e6e6,1,false
140502,2022-04-26 12:08:28,ffffff,1,false
1110,2022-04-26 12:08:25,3a4c68,1,false
2702,2021-07-01 12:52:55,000000,1,false
2580,2021-07-05 10:41:15,000000,1,false
142077,2021-07-19 08:53:07,,1,false
908,2022-04-26 12:08:28,ffffff,1,false
1777,2021-11-18 09:14:28,000000,1,false
151037,2021-10-07 20:33:31,000000,1,false
1857,2021-06-16 10:03:51,ffffff,1,false
140663,2021-05-18 11:57:08,000000,1,false
1100142,2021-11-03 15:34:38,000000,1,false
1238,2021-05-12 17:35:45,2451a8,1,false
143020,2022-11-23 23:45:02,000000,1,false
1100029,2021-10-07 20:33:37,ffffff,1,false
864,2021-10-17 10:32:25,bfcedb,1,false
2086,2022-04-26 12:08:27,2254ba,1,false
2374,2021-07-01 12:52:55,fdd7a4,1,false
1100157,2021-05-27 00:21:23,ffffff,1,false
140110,2021-10-12 22:48:14,ffffff,1,false
856,2021-11-18 09:14:41,c6c7ce,1,false
1835,2021-07-23 08:36:48,ffffff,1,false
963,2021-07-29 19:54:01,9b9b9b,1,false
140722,2021-05-18 12:40:34,d6d3d2,1,false
1047,2022-02-15 09:37:12,ffffff,1,false
141615,2022-01-16 13:46:48,fdd7a4,1,false
140256,2022-09-30 19:20:44,ffffff,1,false
142013,2021-06-11 00:26:51,ffffff,1,false
1100119,2021-10-07 20:33:30,e00000,1,false
141273,2021-04-06 01:09:26,053d2a,1,false
2706,2021-07-05 09:45:33,3a4c68,1,false
190209,2021-06-29 13:05:12,ffffff,1,false
190227,2021-05-17 16:39:08,e0dddc,1,false
140740,2022-01-10 11:04:49,fdd7a4,1,false
142089,2021-07-19 08:53:03,ffffff,1,false
740,2021-06-17 12:37:35,95b1b3,1,false
100049,2021-05-21 11:56:30,000000,1,false
1100025,2021-07-05 11:50:30,ffffff,1,false
190613,2021-07-23 08:36:32,ffffff,1,false
100073,2022-01-10 11:04:35,d60007,1,false
141668,2021-06-30 10:45:32,ffffff,1,false
141286,2021-07-05 11:50:30,ffffff,1,false
887,2021-06-17 12:34:36,95b1b3,1,false
143013,2023-05-15 11:40:03,fdd7a4,1,false
140258,2021-12-04 15:31:11,c6c7ce,1,false
1782,2021-05-21 11:56:30,000000,1,false
711,2021-08-12 07:54:07,ffffff,1,false
496,2021-07-28 12:02:44,dbdad9,1,false
100058,2021-07-05 09:45:33,c0a7a5,1,false
1000006,2021-08-18 11:25:44,0f2b9d,1,false
546,2021-07-05 12:02:19,e0dddc,1,false
190182,2021-06-17 12:35:31,64646b,1,false
1100193,2021-06-17 12:31:26,142b87,1,false
1100146,2021-06-17 12:35:31,64646b,1,false
1861,2021-07-23 08:36:41,ffffff,1,false
899,2021-11-18 09:14:36,fdd7a4,1,false
850,2021-07-05 09:45:33,d40808,1,false
100009,2021-07-23 08:36:34,ffffff,1,false
1860,2021-07-23 08:36:35,ffffff,1,false
690,2021-07-29 14:54:01,000000,1,false
1897,2021-07-28 12:02:35,fdd7a4,1,false
190068,2021-07-05 12:17:06,000000,1,false
2061,2022-02-24 10:56:13,000000,1,false
589,2021-11-18 09:14:43,c70900,1,false
141900,2021-05-31 08:09:58,dfe6f2,1,false
1000007,2022-11-10 09:59:01,000000,1,false
141622,2021-06-17 12:34:36,486e94,1,false
141557,2022-01-16 13:55:41,e0dddc,1,false
1000063,2021-07-23 08:36:44,ffffff,1,false
141902,2021-05-27 00:21:23,ffffff,1,false
140657,2021-05-18 11:57:11,b5bec6,1,false
10001008,2021-09-23 17:58:36,000000,1,false
1111,2022-02-15 09:37:13,ffffff,1,false
472,2021-05-03 11:35:18,64646b,1,false
1000056,2021-06-29 13:05:12,ffffff,1,false
190181,2021-06-17 11:40:02,64646b,1,false
1206,2022-11-04 13:36:41,000000,1,false
745,2022-01-10 11:04:48,fdd7a4,1,false
829,2021-06-17 12:37:33,95b1b3,1,false
142120,2021-07-19 08:53:29,ffffff,1,false
100111,2021-07-05 10:42:07,000000,1,false
160050,2021-11-04 16:55:00,f2be00,1,false
140540,2021-08-13 06:40:32,da1105,1,false
2152,2022-02-21 12:41:37,4a1b33,1,false
1776,2021-11-18 09:14:18,fdd7a4,1,false
141903,2021-05-27 00:21:22,ffffff,1,false
825,2021-06-17 12:34:36,64646b,1,false
1100115,2021-10-13 21:04:12,1641b8,1,false
940,2022-02-15 09:37:13,ffffff,1,false
765,2021-07-29 20:05:04,3151c0,1,false
1223,2022-09-30 19:20:39,ffffff,1,false
2186,2022-02-15 09:37:16,fdd7a4,1,false
190213,2021-09-29 19:07:47,ffffff,1,false
141559,2022-01-16 14:07:03,e0dddc,1,false
140658,2021-05-18 11:52:18,22325b,1,false
1502,2021-05-03 11:56:53,383533,1,false
1301,2021-08-04 22:16:38,2d0f05,1,false
814,2021-07-05 10:40:15,000000,1,false
1865,2021-05-03 11:56:01,383533,1,false
140723,2022-02-10 16:03:26,ded0b6,1,false
1381,2021-05-21 11:33:39,c6cacc,1,false
1300,2021-10-05 23:23:50,64646b,1,false
190240,2021-07-05 09:45:33,000000,1,false
142138,2021-10-30 14:29:22,1e7ae0,1,false
1050,2022-01-18 15:44:08,2451a8,1,false
950,2022-04-26 12:08:21,ffffff,1,false
1867,2022-02-22 09:57:18,5e77a7,1,false
140014,2021-06-30 11:04:21,ffffff,1,false
2067,2021-07-05 10:50:22,ffffff,1,false
140833,2021-11-03 15:34:38,21140c,1,false
160039,2021-05-14 13:50:44,000000,1,false
692,2021-06-28 11:03:36,df0400,1,false
141735,2021-10-17 10:32:27,750c1b,1,false
190670,2022-02-21 12:41:38,22284c,1,false
141731,2021-10-04 08:58:09,750c1b,1,false
1125,2021-07-01 12:52:55,000000,1,false
140704,2021-06-30 10:32:56,ffffff,1,false
747,2021-11-18 09:14:41,000000,1,false
1474,2021-07-29 19:54:01,000000,1,false
551,2022-01-06 15:06:21,000000,1,false
1500021,2021-09-21 18:23:58,000000,1,false
140661,2021-08-05 14:44:57,000000,1,false
753,2021-10-17 10:32:15,0d3bbd,1,false
458,2022-02-15 09:37:16,ffffff,1,false
677,2021-07-30 10:34:34,f0f1f2,1,false
140701,2022-02-16 09:31:57,ffffff,1,false
1370,2021-05-18 12:43:59,d6d3d2,1,false
141901,2021-05-31 08:10:00,000000,1,false
1511,2021-05-04 09:59:10,ffffff,1,false
925,2021-11-18 09:14:27,c6c7ce,1,false
141533,2021-05-03 11:52:59,5a666d,1,false
141298,2021-03-26 09:55:43,000000,1,false
141665,2021-05-18 16:14:50,c4daf2,1,false
100045,2021-05-21 11:56:51,000000,1,false
1000101,2022-11-10 09:58:55,5a666d,1,false
1623,2022-02-15 09:37:14,ffffff,1,false
100008,2021-05-04 09:47:56,ffffff,1,false
2267,2022-02-15 09:37:12,fdd7a4,1,false
1142,2022-01-16 14:07:03,e0dddc,1,false
605,2021-07-29 14:54:03,000000,1,false
190300,2021-08-13 15:38:51,d8d9d9,1,false
720,2021-07-05 10:06:08,d8d9d9,1,false
1613,2021-08-12 07:54:04,810000,1,false
10001003,2021-07-28 12:02:40,e0dddc,1,false
100002,2021-11-15 12:47:56,383533,1,false
1100093,2022-11-10 09:59:14,5a666d,1,false
583,2021-08-12 07:54:03,dfe6f2,1,false
141667,2021-06-30 10:56:59,ffffff,1,false
190167,2022-11-04 13:36:27,1e7ae0,1,false
141501,2021-05-21 11:22:38,c6cacc,1,false
710,2021-08-12 07:54:08,ffffff,1,false
1100145,2021-06-17 12:34:36,ffc400,1,false
426,2022-08-16 12:05:21,000000,1,false
142087,2021-07-19 08:53:27,ffffff,1,false
1100092,2022-11-10 09:58:59,5a666d,1,false
140274,2022-11-10 09:58:59,000000,1,false
140475,2021-08-05 14:45:00,682318,1,false
840,2021-07-28 12:02:48,e0dddc,1,false
190211,2021-08-06 09:17:13,000000,1,false
1100139,2021-10-07 20:33:19,000000,1,false
151036,2022-01-06 15:06:21,000000,1,false
503,2022-02-15 09:37:14,fdd7a4,1,false
142080,2021-07-19 08:53:17,d6d3d2,1,false
1100105,2021-07-19 08:53:06,c8bbaf,1,false
1000005,2021-07-30 10:34:30,0f2b9d,1,false
1181,2021-05-18 12:40:34,d6d3d2,1,false
1000200,2022-01-06 15:06:21,dbdad9,1,false
140706,2022-02-16 09:32:06,ffffff,1,false
142139,2021-10-31 15:45:00,f4efeb,1,false
1000077,2021-05-21 11:56:30,000000,1,false
703,2021-07-29 14:54:00,e00000,1,false
468,2022-02-21 12:41:35,000000,1,false
140745,2021-08-12 07:54:02,c41d06,1,false
1000053,2021-08-04 22:16:38,b14a00,1,false
142420,2022-02-16 09:32:01,dbdad9,1,false
1000309,2021-05-21 11:56:00,000000,1,false
141539,2021-05-03 11:52:59,5a666d,1,false
1819,2021-07-23 08:36:42,ffffff,1,false
141299,2021-03-30 21:05:37,000000,1,false
160072,2022-11-04 13:36:48,000000,1,false
670,2021-07-28 12:02:38,081d47,1,false
141749,2021-05-27 00:21:24,cacfd4,1,false
2603,2021-07-28 12:02:44,fdd7a4,1,false
141310,2021-05-14 13:38:54,fdd7a4,1,false
141537,2021-06-07 12:00:56,fdd7a4,1,false
1000322,2022-01-18 15:44:06,1498ef,1,false
756,2021-07-06 09:41:06,846c65,1,false
141772,2021-06-08 10:54:49,000000,1,false
142142,2021-10-31 14:53:00,000000,1,false
142134,2021-08-13 06:40:31,ffffff,1,false
141904,2021-05-27 00:21:22,ffffff,1,false
142725,2022-09-14 10:03:45,ffffff,1,false
141750,2022-02-10 16:03:26,7a877d,1,false
140420,2022-02-16 09:32:02,ffffff,1,false
140744,2021-05-03 11:55:31,c41d06,1,false
142151,2021-08-18 16:35:08,99a6b1,1,false
1126,2021-07-01 12:52:55,000000,1,false
142143,2021-10-31 14:53:00,000000,1,false
1817,2021-05-04 10:07:21,fdd7a4,1,false
190002,2021-10-07 20:33:21,0e64d8,1,false
2155,2022-02-24 10:56:14,1c52b4,1,false
190186,2022-01-10 11:04:51,735753,1,false
140109,2021-08-05 14:45:00,000000,1,false
141304,2021-03-30 20:32:35,d3def3,1,false
1809,2022-02-15 09:37:17,ffffff,1,false
672,2021-07-28 12:02:47,081d47,1,false
190177,2022-09-30 19:20:57,c8bbaf,1,false
142150,2021-08-18 11:25:44,000000,1,false
2080,2021-05-14 14:01:46,bacacd,1,false
1000054,2022-09-30 19:20:55,c8bbaf,1,false
1000100,2022-11-10 09:59:01,5a666d,1,false
2372,2021-07-01 12:52:55,206bf3,1,false
190043,2021-06-11 11:51:06,ffffff,1,false
140671,2022-02-14 09:51:33,1b050e,1,false
142090,2023-05-23 09:49:53,0c4fd4,1,false
141086,2021-06-29 13:05:12,ffffff,1,false
883,2021-11-18 09:14:12,000000,1,false
2727,2021-05-21 12:34:25,f4f1dc,1,false
1114,2021-08-19 23:54:58,f4f1dc,1,false
1163,2021-11-01 15:57:25,000000,1,false
1100187,2022-11-15 11:34:10,6a788c,1,false
140037,2021-07-05 11:47:15,dfe6e9,1,false
140542,2023-04-10 09:42:39,ffffff,1,false
190523,2022-09-06 20:58:56,000000,1,false
737,2021-05-21 12:40:10,0d3a1e,1,false
141119,2021-06-08 09:30:50,5f4c46,1,false
1100129,2021-07-06 09:14:59,000000,1,false
140413,2022-02-24 10:56:04,fdd7a4,1,false
190049,2021-10-07 20:33:20,ffffff,1,false
1762,2021-11-18 09:14:44,000000,1,false
141664,2021-05-16 12:29:52,ffffff,1,false
141612,2021-05-17 16:29:26,000000,1,false
141771,2021-06-08 10:47:42,000000,1,false
1100099,2022-11-10 09:59:00,5a666d,1,false
493,2021-07-06 09:28:35,4e6681,1,false
100004,2022-07-11 21:19:26,c41d06,1,false
1900,2021-06-09 11:14:48,260606,1,false
141745,2021-05-18 14:22:51,fdd7a4,1,false
140427,2021-05-17 00:29:13,ffffff,1,false
140742,2022-01-10 11:04:46,c41d06,1,false
140741,2021-05-03 12:03:05,383533,1,false
673,2022-02-24 10:56:13,e0dddc,1,false
100028,2021-06-08 09:31:09,ffffff,1,false
695,2021-06-28 10:51:33,c00501,1,false
1797,2022-09-30 19:20:48,000000,1,false
681,2021-05-03 11:52:59,5a666d,1,false
741,2021-07-30 10:34:31,1641b8,1,false
1000076,2021-07-29 14:54:03,1e7ae0,1,false
1572,2022-09-30 19:21:01,ffffff,1,false
880,2021-11-18 09:14:21,000000,1,false
748,2021-11-18 09:14:19,000000,1,false
151041,2021-05-18 11:43:18,810000,1,false
170041,2022-09-27 10:52:20,d6d3d2,1,false
972,2021-08-05 14:45:00,ffffff,1,false
190035,2021-10-05 23:23:45,f72c00,1,false
1000769,2021-08-03 21:50:02,000000,1,false
1247,2021-07-05 11:50:25,bfcbd5,1,false
1435,2022-07-26 10:11:28,555b65,1,false
190143,2023-03-23 11:23:41,ffffff,1,false
1218,2022-02-21 12:41:37,ea0707,1,false
190232,2022-11-04 13:36:28,000000,1,false
1500022,2021-05-21 11:20:19,fdd7a4,1,false
190522,2022-09-06 20:59:01,000000,1,false
190512,2021-07-19 08:53:17,ffffff,1,false
190540,2021-05-21 11:39:59,d30001,1,false
1100030,2021-03-30 20:32:40,000000,1,false
190131,2023-06-06 09:30:34,a3b9cd,1,false
140471,2022-01-10 11:04:42,93b5bf,1,false
1100156,2021-05-27 00:21:23,ffffff,1,false
1197,2021-11-28 10:48:34,000000,1,false
1211,2022-02-25 22:18:35,d3d6e2,1,false
170011,2023-03-23 11:23:38,ffffff,1,false
190537,2021-07-19 13:14:24,ffffff,1,false
2728,2021-09-29 19:07:59,ffffff,1,false
142738,2023-05-03 13:51:56,000000,1,false
141117,2023-03-20 20:56:38,ffffff,1,false
1000337,2021-08-15 22:53:11,ffffff,1,false
1513,2021-07-23 08:36:35,ffffff,1,false
142158,2023-03-01 23:29:25,292b35,1,false
141924,2021-05-31 08:50:12,ffffff,1,false
1148,2021-08-12 07:54:01,ffffff,1,false
866,2021-05-04 09:52:16,ffffff,1,false
870,2021-05-04 09:46:03,ffffff,1,false
140608,2021-09-22 10:00:49,0c2674,1,false
1721,2021-08-04 12:49:36,555b65,1,false
455,2021-09-21 18:23:54,000000,1,false
1100164,2022-09-30 19:20:46,ffffff,1,false
142096,2021-07-19 08:53:32,bfbfc4,1,false
429,2022-01-18 15:44:10,e8040f,1,false
140152,2022-09-06 20:59:05,ffffff,1,false
140414,2022-02-24 10:56:11,fdd7a4,1,false
140757,2021-05-03 11:55:13,000000,1,false
51500057,2021-07-19 08:53:02,ffffff,1,false
790,2022-02-15 09:37:17,ffffff,1,false
143117,2023-02-06 22:35:56,ffffff,1,false
1100003,2022-07-14 09:48:40,fdd7a4,1,false
140530,2021-05-14 13:47:38,8f9294,1,false
1500011,2021-07-05 10:50:22,ffffff,1,false
100103,2022-04-26 12:08:23,000000,1,false
140669,2022-02-14 09:51:35,fdd7a4,1,false
140692,2022-07-14 09:48:36,ffffff,1,false
142443,2022-01-27 10:58:32,ffffff,1,false
140543,2023-04-10 09:42:33,000000,1,false
1324,2022-07-26 10:11:27,c6c6c6,1,false
1437,2021-10-07 23:09:19,000000,1,false
141151,2021-11-14 11:23:44,000000,1,false
1500007,2021-07-30 10:34:32,ffffff,1,false
170043,2021-09-29 19:07:53,ffffff,1,false
140548,2021-09-22 10:00:48,000000,1,false
160013,2021-09-23 10:08:38,000000,1,false
190214,2023-03-28 21:46:30,ffffff,1,false
141517,2022-02-19 14:07:19,000000,1,false
190154,2021-09-21 18:24:03,21140c,1,false
142430,2022-01-27 10:59:03,8995a0,1,false
160085,2021-10-07 20:33:29,9b9da4,1,false
1100021,2022-01-17 12:25:12,,1,false
1577,2022-02-15 09:37:21,ffffff,1,false
1100042,2021-07-05 10:50:22,ffffff,1,false
140518,2022-09-27 10:52:36,dfdfdf,1,false
1000021,2021-07-06 09:40:30,ffc400,1,false
11000179,2022-11-10 09:59:11,000000,1,false
100006,2021-12-20 11:14:23,ffffff,1,false
142602,2022-08-01 12:02:01,fdd7a4,1,false
1500057,2021-07-19 08:53:28,ffffff,1,false
734,2022-09-06 20:59:21,143b55,1,false
1100041,2021-07-05 10:50:22,ffffff,1,false
1020,2021-09-28 10:50:08,000000,1,false
10001004,2022-11-04 13:36:37,000000,1,false
746,2021-05-21 12:40:10,8d9698,1,false
190062,2022-11-10 09:59:12,8995a0,1,false
2641,2021-07-05 09:48:50,000000,1,false
190550,2021-11-01 14:41:03,ffffff,1,false
1427,2021-07-29 19:54:02,281528,1,false
151044,2021-05-18 12:43:59,000000,1,false
588,2021-11-18 09:14:20,c6c7ce,1,false
494,2022-02-21 12:41:37,cc0000,1,false
699,2021-08-19 23:54:59,f4f1dc,1,false
140442,2021-09-30 01:29:41,e9e8ee,1,false
1293,2022-09-06 20:58:40,000000,1,false
140858,2021-07-05 10:04:14,c8bbaf,1,false
1200099,2021-11-11 17:49:31,5a666d,1,false
5141615,2021-06-12 09:42:34,ffffff,1,false
1503,2021-05-03 11:56:53,fdd7a4,1,false
709,2022-01-10 11:04:40,383533,1,false
100046,2021-11-01 11:15:06,000000,1,false
141300,2021-05-14 14:02:55,000000,1,false
1000315,2021-05-21 11:56:51,000000,1,false
1500023,2021-05-21 11:20:19,fdd7a4,1,false
1325,2022-09-06 20:59:29,000000,1,false
140276,2021-10-07 20:33:19,ffffff,1,false
1100128,2023-03-20 20:56:46,ffffff,1,false
100108,2021-09-13 14:30:57,000000,1,false
1461,2022-02-15 09:37:16,ffffff,1,false
160070,2021-07-29 19:54:02,4e6681,1,false
190055,2022-01-14 12:15:29,fdd7a4,1,false
1000078,2021-05-21 11:57:21,26247f,1,false
10001007,2021-09-23 17:58:37,c8bbaf,1,false
142390,2021-12-10 11:29:47,0925c8,1,false
1100175,2023-03-01 23:29:23,000000,1,false
142148,2021-08-18 15:40:16,7a7b87,1,false
1100094,2022-07-11 21:19:28,5a666d,1,false
101002,2021-05-04 10:06:35,ffffff,1,false
141150,2021-06-08 10:52:09,0d3bbd,1,false
140752,2021-05-03 11:52:59,ffffff,1,false
142204,2022-11-10 09:59:00,000000,1,false
142097,2021-07-19 08:53:03,fdd7a4,1,false
142445,2022-08-01 12:02:05,ffffff,1,false
142149,2021-08-18 11:25:49,000000,1,false
190658,2021-07-19 16:02:57,ffffff,1,false
140510,2021-09-23 10:08:39,000000,1,false
151012,2021-07-28 12:02:40,ffffff,1,false
142256,2022-09-30 19:20:49,c8bbaf,1,false
1500068,2021-05-17 16:37:25,0739af,1,false
1796,2022-09-30 19:21:00,000000,1,false
160055,2021-08-18 20:02:12,dd1212,1,false
970,2021-08-13 06:40:28,000000,1,false
1100036,2022-09-06 20:58:55,143b55,1,false
1000041,2021-07-23 08:36:48,ffffff,1,false
777,2021-07-01 12:52:55,494d5a,1,false
142182,2021-08-18 11:25:49,5a666d,1,false
1720,2021-07-05 09:46:43,d9d9d9,1,false
140411,2022-02-24 10:56:06,b7b5b4,1,false
1100194,2021-06-17 12:35:31,64646b,1,false
1000085,2021-09-22 10:00:49,5a666d,1,false
1978,2021-08-12 07:54:02,fdd7a4,1,false
142277,2021-10-24 15:31:12,c8bbaf,1,false
1000050,2023-05-15 11:40:00,d30001,1,false
140303,2021-05-12 16:38:01,ffffff,1,false
142021,2021-06-11 11:47:34,fdd7a4,1,false
1100053,2022-02-24 10:56:05,000000,1,false
190241,2021-07-05 09:45:33,ababab,1,false
142291,2021-10-21 10:12:10,f4f1dc,1,false
170038,2021-12-05 13:42:44,367ed1,1,false
142275,2021-10-21 10:12:08,ffffff,1,false
1100135,2023-01-22 21:25:10,ffffff,1,false
190653,2021-12-04 16:01:57,0d3bbd,1,false
190128,2022-02-24 10:56:03,000000,1,false
1100127,2023-03-20 20:56:42,ffffff,1,false
142207,2021-09-06 09:26:46,ffffff,1,false
142146,2021-08-18 11:25:46,ffffff,1,false
140443,2021-07-19 08:53:13,e9e8ee,1,false
100109,2021-07-05 10:42:07,000000,1,false
1000334,2022-09-06 20:59:11,ffffff,1,false
1705,2022-02-18 10:40:04,f83125,1,false
1000073,2021-07-28 12:02:47,ffffff,1,false
1769,2021-11-18 09:14:22,ffffff,1,false
140056,2021-05-21 11:39:30,000000,1,false
142593,2022-05-07 14:53:36,,1,false
160086,2021-07-19 08:53:15,ffffff,1,false
1500083,2022-07-26 10:11:27,00414e,1,false
907,2022-07-14 09:48:41,676266,1,false
140054,2022-02-22 09:57:23,000000,1,false
140906,2021-06-09 10:05:49,e00000,1,false
190527,2023-03-23 11:23:41,ffffff,1,false
581,2022-02-25 22:18:31,ffffff,1,false
141500,2021-05-21 11:39:30,01180e,1,false
190166,2021-05-21 11:39:59,ffffff,1,false
140429,2023-01-22 21:25:15,fc0000,1,false
142734,2022-09-29 14:37:03,ebeced,1,false
142197,2021-09-14 09:12:42,000000,1,false
143052,2022-12-05 00:29:08,ffffff,1,false
160054,2021-06-11 11:43:46,ae0c07,1,false
190083,2021-10-13 19:36:50,fdd7a4,1,false
1494,2022-07-11 21:19:24,fdd7a4,1,false
1100158,2021-07-19 08:53:11,ff5600,1,false
140700,2021-11-05 14:13:44,fdd7a4,1,false
141097,2021-05-03 11:35:15,c5cedc,1,false
1210,2022-02-25 22:18:32,d3d6e2,1,false
1000312,2021-05-31 08:09:59,ffffff,1,false
1000328,2021-05-21 11:39:59,d30001,1,false
142125,2021-07-27 11:41:40,7a7b87,1,false
151010,2023-03-20 20:56:41,ffffff,1,false
838,2021-11-18 09:14:14,ffffff,1,false
1100013,2021-05-21 11:20:19,ffffff,1,false
190064,2021-05-29 13:04:47,fdd7a4,1,false
140801,2023-03-23 11:23:43,ffffff,1,false
190149,2021-09-29 19:07:47,ffffff,1,false
142507,2022-02-25 22:18:27,8f9294,1,false
1000083,2021-07-23 08:36:43,ffffff,1,false
190191,2021-10-07 20:33:28,1c281d,1,false
190655,2022-02-25 22:18:36,850112,1,false
170042,2021-05-04 10:12:30,ffffff,1,false
1462,2022-02-15 09:37:19,ffffff,1,false
1576,2021-05-21 12:38:11,000000,1,false
142180,2021-09-29 22:28:45,f4f1dc,1,false
140664,2022-02-14 09:51:35,0d370d,1,false
141082,2023-06-12 10:53:06,000000,1,false
640,2021-05-03 11:55:31,383533,1,false
140165,2022-03-12 01:38:41,ffffff,1,false
142654,2022-08-01 12:02:07,fdd7a4,1,false
140753,2021-11-07 11:19:05,000000,1,false
140697,2021-11-05 14:13:48,fdd7a4,1,false
1100114,2022-07-11 21:19:24,5a666d,1,false
140410,2022-02-24 10:56:12,0925c8,1,false
151001,2022-04-13 07:45:20,ffffff,1,false
141181,2021-07-19 08:53:09,0d51b8,1,false
190142,2023-03-23 11:23:34,000000,1,false
1761,2021-11-03 15:34:37,000000,1,false
1015,2021-11-28 10:48:30,000000,1,false
1100062,2021-10-07 20:33:21,ffffff,1,false
143221,2023-04-24 11:03:07,ffffff,1,false
140603,2020-09-09 18:01:45,fdd7a4,1,false
160035,2022-11-10 09:59:14,000000,1,false
170001,2023-06-06 09:30:31,ffffff,1,false
140621,2021-10-07 20:33:23,ffffff,1,false
142132,2021-08-12 07:54:01,000000,1,false
1831,2021-11-18 09:14:38,ffffff,1,false
190606,2021-09-29 19:07:41,ffffff,1,false
190557,2021-10-13 19:36:54,ffffff,1,false
140748,2021-05-03 11:55:31,ffffff,1,false
142211,2021-09-06 09:26:45,ffffff,1,false
140611,2021-10-07 20:33:32,b70202,1,false
624,2022-09-06 20:58:33,143b55,1,false
142424,2022-01-27 10:58:33,d2d4da,1,false
2378,2021-07-05 09:46:43,ecd7c0,1,false
51500075,2021-06-29 11:29:21,ffffff,1,false